1	bc1f440aa1a6b6b7a4efa81b96592b39e6357d1fc2c80708b6623f5ac2826175	1766229363698
2	76f52fc9caec8a6726d9aa6b497c5952d3fbb7e26deae1ec0ed6b710b04d0248	1766412000000
3	b61c74c613955e4a4e715473a685e6ba221c7b37ceb5963f55e64c3dbadaecc6	1766582815203
4	52861c68cb80d8566b23df03bf41241781a14fce79973f53e12f00dd1ee555df	1766586290814
5	b5449be3ce6274427a0df77175ff642d1783485b0ffef7218dc0b27bd123318c	1766643949763
6	c3b7de59c20fb729ac418fd26cdfe21b8d3bc9c1cc896aaafb7ea1c08792b598	1766731467453
7	4b1bc528e93f81cd76a2b1ae1cfde3f43d4ba3d5d83e5e5a81fa2fd800a76365	1766759500000
8	b18d1a89938d5eb29386b0494d0f2405e28dc0832bd1c4ba26a025d1d204f631	1766831938174
9	26c0d924a3ffdaf59c9c62c534d4fd61a6e8ffba4da8fd99adbb6170a5fc3814	1766985521548
10	efdcad4015e059d78b56b1a731f1327aa1605e717e534095e43a32fe4961c730	1767030000000
11	c8b5af636b3cea87987d62590a9f996e63d943de29de8a19f59935a5d5498d0b	1767090276756
12	63cf071b7112656357aa9ee971438b640e607801c37a43280b23d61e805afe12	1767301347329
13	c540958dbd61256eb098447b0be159bf6a2f4488e0701b0ea4258064a6ba24a5	1768630000000
37	23bd50e52c0e33dbdb17c7064eef8cadb4a4fec6f2a843efd0c344b89f191812	1769200000000
38	9c49d5707d26d889e0ddb0a68ab5684eb4523965abfd62dfebac26338e43d31e	1769200001000
39	991e3d1b5264f82fd725bd78c08757cab71c057cbc43c344b05c90f72cab0ace	1769200002000
40	2c2f09c33b2378bca80841a46ae3233103903975075d359a2c4dd4c1b8b0cb5f	1769200003000
41	7c632c7cbf489d8b5090e3317d8b9e4df2a7134e5914fefd6e5a2777be731e60	1769200004000
42	f92a05eccafc9c49a5468fe6e88e551daaea98d35b548cd083cc927f9b42109d	1769200005000
43	bb791aca3d8e952c2ab434fad70072f0788eb3008fd10c437061e6fac584850e	1769200006000
44	8975d8ccfcbb5d247fcc0ad9901417f7c2fb137370c8964f00b6935512cd92d9	1769200007000
45	0fdbf2dd24a412d1649bc5afc31a8b5c0f9f00a482d7d79a97d2f22de483165f	1769200008000
46	b55cb4e6d88b26d28afe2613245b008ee92d4b3b3dfee9af604c323cb753d82b	1769200009000
47	6aaf7dcb712866bd8998861914387067a4ce3fd760fcdd25bb4e1fb4ca153923	1769383042028
48	3b34fc9f7ba4db4ee0899e143cbd1e47d593947623fe4965935d9fe7adaf60c7	1769462400000
49	3a8fd218693ae0cd5bd1d9bfec3a377ee59de0170f8f8ea50745b37306193192	1769878000000
50	902ce307342618d43cb8a46c97634f48d78a51cb119a43a5c5154b7f263e19f0	1769878001000
51	ef92d4f66e729e11767662d4b56ae0196915b194384be3e8a866128c42c1158e	1771171205000
52	11daf91402d4c7cb3e968ed2482d671c8f7f015ab731eb234e8f771d6ac5bb38	1771430400000
53	8e6dc5522df3e4cbbed5f78a4d6b5df4ab6b80e0f10ce2452129327dfd86e174	1771434000000
55	d4c46298787ce3f53d3b3ff6289ecb18137b1175a0e8d9b65d339ee44a6f3ead	1771516800000
56	9883c5d684b1742f042b5aa5412a0bb4db4133ffde3425834b1250d12dfb292e	1771516801000
57	59a5c9b1623efab4b67f7243f1dfe9bcad3e900ca0b32d6a0cfcef1cb33dba72	1771516802000
58	d74ed3211f66e25df0b565f9e438a8a66834ab0f73644b3791afe9389af8ec0d	1771516803000
59	ead3d29d74e5d4df2c8d77dab67ee54bfcf602b64fb58032b819c71d13ba6952	1771516804000
60	66c1ddecb53bd1ae40fb9bbdae2ad3b032384e1a5a4e16086fdcb3b41bd4d81d	1772628061978
61	a4902d24451addd6139c648c7698d334d2cefb16ab779e6d485be36ea1172bfb	1773302400000
62	e1d49c45d7bccc3b6ff0afd48ab3610e379fbb6247b09c47f48ec6eac72432da	1776345600000
63	6665521ae1e8b41e9127f8c8a3bb22d82d62e81ab67811122c82ebb6563c222e	1776369000000
64	d8d48e2cd3e86b46c3b70095bd1f2bab7d27930cc2973f61a8c18aa5f5c7f62c	1776372600000
65	d927012b10e0cc126ce4709ec6ce0bf603864080dad91f431de93dd83d96434b	1776376200000
66	d0bc42ff6362eafa394d847c4b1b227222723c6d37088e9a1a5d86c180b4a3f0	1779129600000
67	7eb2f28a3141845130e6a82e6bce0d930aae35bdfbabaa2d88858593af28536d	1779200000000
68	72cb8c747734061dfa96314bff6acbf8c3ccb56a39f051ac5e0752f64314c6b4	1779800000000
69	9c135a208abf37ec142291c58cd65a34dc1778b2c3875bce51cde2ea870ad2b7	1779900000000
